target,MAE,RMSE,R2
log1p(revenue),6.007129930942895,7.027874478210523,0.34743958268785846
